IP,VRF,BlackList
149.202.170.60,Default,Talos Black List
51.15.78.21,Default,Talos Black List
23.129.64.101,Default,Talos Black List
46.98.205.211,Default,Talos Black List
162.247.72.201,Default,Talos Black List
217.115.10.131,Default,Talos Black List
46.233.0.70,Default,Talos Black List
204.17.56.42,Default,Talos Black List
89.234.157.254,Default,Talos Black List
89.31.57.5,Default,Talos Black List
162.247.73.206,Default,Talos Black List
162.247.72.217,Default,Talos Black List
204.85.191.30,Default,Talos Black List
46.235.227.70,Default,Talos Black List
193.107.85.56,Default,Talos Black List
5.79.68.161,Default,Talos Black List
37.48.120.196,Default,Talos Black List
37.187.7.74,Default,Talos Black List
162.247.72.199,Default,Talos Black List
199.87.154.255,Default,Talos Black List
198.96.155.3,Default,Talos Black List
109.169.33.163,Default,Talos Black List
162.247.72.7,Default,Talos Black List
176.10.107.180,Default,Talos Black List
79.134.234.247,Default,Talos Black List
176.10.104.240,Default,Talos Black List
199.127.226.150,Default,Talos Black List
5.196.66.162,Default,Talos Black List
79.134.255.200,Default,Talos Black List
195.254.135.76,Default,Talos Black List
193.201.225.45,Default,Talos Black List
190.10.8.50,Default,Talos Black List
97.74.237.196,Default,Talos Black List
37.220.35.202,Default,Talos Black List
185.100.85.190,Default,Talos Black List
62.210.129.246,Default,Talos Black List
185.100.84.108,Default,Talos Black List
192.160.102.164,Default,Talos Black List
139.162.144.133,Default,Talos Black List
84.53.192.243,Default,Talos Black List
193.15.16.4,Default,Talos Black List
31.185.104.19,Default,Talos Black List
192.195.80.10,Default,Talos Black List
185.38.14.171,Default,Talos Black List
192.160.102.166,Default,Talos Black List
163.172.160.182,Default,Talos Black List
149.56.223.241,Default,Talos Black List
199.249.223.81,Default,Talos Black List
162.213.3.221,Default,Talos Black List
93.158.216.52,Default,Talos Black List
45.33.23.23,Default,Talos Black List
46.101.127.145,Default,Talos Black List
199.249.223.73,Default,Talos Black List
199.249.223.72,Default,Talos Black List
199.249.223.71,Default,Talos Black List
199.249.223.62,Default,Talos Black List
199.249.223.67,Default,Talos Black List
199.249.223.61,Default,Talos Black List
199.249.223.64,Default,Talos Black List
199.249.223.60,Default,Talos Black List
163.172.223.200,Default,Talos Black List
185.65.205.10,Default,Talos Black List
37.218.240.80,Default,Talos Black List
185.117.215.9,Default,Talos Black List
37.218.240.21,Default,Talos Black List
94.242.57.161,Default,Talos Black List
162.243.166.137,Default,Talos Black List
37.139.8.104,Default,Talos Black List
138.197.207.243,Default,Talos Black List
67.205.146.164,Default,Talos Black List
163.172.67.180,Default,Talos Black List
103.27.124.82,Default,Talos Black List
104.236.141.156,Default,Talos Black List
31.185.104.20,Default,Talos Black List
51.15.53.83,Default,Talos Black List
51.15.40.233,Default,Talos Black List
192.36.27.4,Default,Talos Black List
192.36.27.6,Default,Talos Black List
79.172.193.32,Default,Talos Black List
198.50.200.135,Default,Talos Black List
46.182.19.219,Default,Talos Black List
192.36.27.7,Default,Talos Black List
195.123.212.34,Default,Talos Black List
146.185.177.103,Default,Talos Black List
162.247.72.200,Default,Talos Black List
171.25.193.20,Default,Talos Black List
171.25.193.25,Default,Talos Black List
171.25.193.235,Default,Talos Black List
173.254.216.66,Default,Talos Black List
185.87.185.45,Default,Talos Black List
46.101.139.248,Default,Talos Black List
78.109.23.1,Default,Talos Black List
51.15.63.229,Default,Talos Black List
199.249.224.41,Default,Talos Black List
199.249.224.42,Default,Talos Black List
199.249.224.44,Default,Talos Black List
199.249.224.43,Default,Talos Black List
199.249.224.45,Default,Talos Black List
199.249.224.46,Default,Talos Black List
199.249.224.49,Default,Talos Black List
199.249.224.48,Default,Talos Black List
192.34.80.176,Default,Talos Black List
193.110.157.151,Default,Talos Black List
185.117.118.234,Default,Talos Black List
199.249.223.44,Default,Talos Black List
199.249.223.47,Default,Talos Black List
198.245.60.8,Default,Talos Black List
84.53.225.118,Default,Talos Black List
18.248.2.85,Default,Talos Black List
171.25.193.77,Default,Talos Black List
212.47.246.21,Default,Talos Black List
171.25.193.78,Default,Talos Black List
176.126.252.11,Default,Talos Black List
197.231.221.211,Default,Talos Black List
198.50.200.129,Default,Talos Black List
37.218.245.25,Default,Talos Black List
185.165.168.77,Default,Talos Black List
46.182.18.40,Default,Talos Black List
185.127.25.68,Default,Talos Black List
185.165.168.229,Default,Talos Black List
162.247.72.202,Default,Talos Black List
207.244.70.35,Default,Talos Black List
170.250.140.52,Default,Talos Black List
104.223.123.98,Default,Talos Black List
5.254.112.154,Default,Talos Black List
5.254.79.66,Default,Talos Black List
94.177.123.116,Default,Talos Black List
66.70.217.179,Default,Talos Black List
104.218.63.74,Default,Talos Black List
164.132.106.162,Default,Talos Black List
84.19.181.25,Default,Talos Black List
51.15.64.212,Default,Talos Black List
142.4.211.161,Default,Talos Black List
104.192.0.58,Default,Talos Black List
199.249.224.63,Default,Talos Black List
199.249.224.66,Default,Talos Black List
193.90.12.116,Default,Talos Black List
193.90.12.117,Default,Talos Black List
193.90.12.118,Default,Talos Black List
193.90.12.115,Default,Talos Black List
185.100.87.206,Default,Talos Black List
185.100.87.207,Default,Talos Black List
72.210.252.137,Default,Talos Black List
188.214.104.146,Default,Talos Black List
176.223.113.26,Default,Talos Black List
128.31.0.13,Default,Talos Black List
37.187.94.86,Default,Talos Black List
89.34.237.31,Default,Talos Black List
195.22.126.147,Default,Talos Black List
195.22.125.136,Default,Talos Black List
178.165.72.177,Default,Talos Black List
91.219.239.114,Default,Talos Black List
62.210.207.52,Default,Talos Black List
185.227.82.9,Default,Talos Black List
23.129.64.102,Default,Talos Black List
185.220.101.0,Default,Talos Black List
185.220.101.8,Default,Talos Black List
185.220.101.1,Default,Talos Black List
185.220.101.13,Default,Talos Black List
185.220.101.12,Default,Talos Black List
185.220.101.9,Default,Talos Black List
185.220.101.21,Default,Talos Black List
185.220.101.20,Default,Talos Black List
185.220.101.17,Default,Talos Black List
185.220.101.16,Default,Talos Black List
185.220.101.4,Default,Talos Black List
185.220.101.25,Default,Talos Black List
185.220.101.26,Default,Talos Black List
185.220.101.24,Default,Talos Black List
185.220.101.18,Default,Talos Black List
185.220.101.28,Default,Talos Black List
185.220.101.29,Default,Talos Black List
185.220.101.33,Default,Talos Black List
185.220.101.32,Default,Talos Black List
185.220.101.6,Default,Talos Black List
51.15.76.142,Default,Talos Black List
51.15.81.222,Default,Talos Black List
5.199.130.127,Default,Talos Black List
37.220.35.58,Default,Talos Black List
185.220.101.41,Default,Talos Black List
185.220.101.40,Default,Talos Black List
185.220.101.2,Default,Talos Black List
185.220.101.22,Default,Talos Black List
5.188.10.8,Default,Talos Black List
93.115.86.6,Default,Talos Black List
93.115.86.8,Default,Talos Black List
46.17.97.112,Default,Talos Black List
185.22.152.134,Default,Talos Black List
176.10.99.200,Default,Talos Black List
185.220.101.44,Default,Talos Black List
185.220.101.45,Default,Talos Black List
195.22.125.141,Default,Talos Black List
195.22.125.135,Default,Talos Black List
195.22.125.137,Default,Talos Black List
89.34.237.42,Default,Talos Black List
93.115.95.207,Default,Talos Black List
204.194.29.4,Default,Talos Black List
185.100.85.101,Default,Talos Black List
62.210.37.82,Default,Talos Black List
93.115.95.204,Default,Talos Black List
93.115.95.205,Default,Talos Black List
185.100.84.82,Default,Talos Black List
185.129.62.63,Default,Talos Black List
176.126.252.12,Default,Talos Black List
204.11.50.131,Default,Talos Black List
51.255.202.66,Default,Talos Black List
185.38.14.215,Default,Talos Black List
93.115.95.206,Default,Talos Black List
185.104.120.4,Default,Talos Black List
80.67.172.162,Default,Talos Black List
89.34.237.162,Default,Talos Black List
94.142.242.84,Default,Talos Black List
185.100.86.128,Default,Talos Black List
192.42.116.16,Default,Talos Black List
166.70.207.2,Default,Talos Black List
176.10.104.243,Default,Talos Black List
185.34.33.2,Default,Talos Black List
62.210.105.116,Default,Talos Black List
193.171.202.150,Default,Talos Black List
5.189.188.111,Default,Talos Black List
212.21.66.6,Default,Talos Black List
78.107.237.16,Default,Talos Black List
193.107.85.62,Default,Talos Black List
198.167.223.38,Default,Talos Black List
95.128.43.164,Default,Talos Black List
185.129.62.62,Default,Talos Black List
178.20.55.18,Default,Talos Black List
204.8.156.142,Default,Talos Black List
176.58.100.98,Default,Talos Black List
89.144.12.17,Default,Talos Black List
198.50.200.131,Default,Talos Black List
178.20.55.16,Default,Talos Black List
164.132.51.91,Default,Talos Black List
216.239.90.19,Default,Talos Black List
185.61.138.74,Default,Talos Black List
63.247.140.224,Default,Talos Black List
31.148.219.11,Default,Talos Black List
104.27.163.228,Default,Talos Black List
5.8.88.175,Default,Talos Black List
154.16.149.74,Default,Talos Black List
91.219.237.244,Default,Talos Black List
93.115.95.202,Default,Talos Black List
119.59.124.163,Default,Talos Black List
80.87.197.81,Default,Talos Black List
93.115.95.201,Default,Talos Black List
46.98.198.204,Default,Talos Black List
185.107.81.233,Default,Talos Black List
185.107.81.234,Default,Talos Black List
109.234.36.233,Default,Talos Black List
132.148.91.227,Default,Talos Black List
151.97.190.239,Default,Talos Black List
188.247.135.58,Default,Talos Black List
216.176.100.240,Default,Talos Black List
109.127.8.242,Default,Talos Black List
188.219.154.228,Default,Talos Black List
216.215.112.149,Default,Talos Black List
188.247.135.74,Default,Talos Black List
188.247.135.53,Default,Talos Black List
188.247.135.99,Default,Talos Black List
83.69.233.121,Default,Talos Black List
203.170.193.23,Default,Talos Black List
109.229.36.65,Default,Talos Black List
60.13.186.5,Default,Talos Black List
94.103.36.55,Default,Talos Black List
87.254.167.37,Default,Talos Black List
64.127.71.73,Default,Talos Black List
103.4.52.150,Default,Talos Black List
64.85.233.8,Default,Talos Black List
128.210.157.251,Default,Talos Black List
31.7.63.146,Default,Talos Black List
202.29.22.38,Default,Talos Black List
190.15.192.25,Default,Talos Black List
199.7.234.100,Default,Talos Black List
103.7.59.135,Default,Talos Black List
59.157.4.2,Default,Talos Black List
87.246.143.242,Default,Talos Black List
202.29.230.198,Default,Talos Black List
213.147.67.20,Default,Talos Black List
212.44.64.202,Default,Talos Black List
193.107.19.24,Default,Talos Black List
37.143.11.189,Default,Talos Black List
109.229.210.250,Default,Talos Black List
190.128.29.1,Default,Talos Black List
222.29.197.232,Default,Talos Black List
199.187.129.193,Default,Talos Black List
199.201.121.185,Default,Talos Black List
180.182.234.200,Default,Talos Black List
58.195.1.4,Default,Talos Black List
87.236.210.110,Default,Talos Black List
87.236.210.124,Default,Talos Black List
201.149.83.183,Default,Talos Black List
193.107.19.244,Default,Talos Black List
80.65.93.241,Default,Talos Black List
87.237.198.245,Default,Talos Black List
113.29.230.24,Default,Talos Black List
91.236.75.11,Default,Talos Black List
60.241.184.209,Default,Talos Black List
192.99.148.26,Default,Talos Black List
177.4.23.159,Default,Talos Black List
124.110.195.160,Default,Talos Black List
202.144.144.195,Default,Talos Black List
193.146.210.69,Default,Talos Black List
188.241.140.212,Default,Talos Black List
188.241.140.222,Default,Talos Black List
188.241.140.224,Default,Talos Black List
210.4.76.221,Default,Talos Black List
64.182.6.61,Default,Talos Black List
209.164.84.70,Default,Talos Black List
63.249.152.74,Default,Talos Black List
192.99.19.4,Default,Talos Black List
91.108.176.118,Default,Talos Black List
66.45.245.150,Default,Talos Black List
162.223.94.56,Default,Talos Black List
193.201.227.142,Default,Talos Black List
185.35.138.22,Default,Talos Black List
104.238.158.106,Default,Talos Black List
141.8.226.58,Default,Talos Black List
23.249.161.109,Default,Talos Black List
93.95.97.230,Default,Talos Black List
195.234.237.4,Default,Talos Black List
163.172.154.52,Default,Talos Black List
186.207.238.237,Default,Talos Black List
162.244.80.164,Default,Talos Black List
117.92.137.172,Default,Talos Black List
185.26.197.212,Default,Talos Black List
212.51.156.234,Default,Talos Black List
59.62.167.216,Default,Talos Black List
58.221.44.26,Default,Talos Black List
162.243.108.174,Default,Talos Black List
123.249.76.37,Default,Talos Black List
185.234.216.82,Default,Talos Black List
195.133.144.249,Default,Talos Black List
103.98.112.122,Default,Talos Black List
132.148.150.15,Default,Talos Black List
185.61.138.20,Default,Talos Black List
94.51.133.237,Default,Talos Black List
96.255.14.191,Default,Talos Black List
185.175.208.180,Default,Talos Black List
5.196.1.129,Default,Talos Black List
103.233.194.45,Default,Talos Black List
46.183.218.199,Default,Talos Black List
23.235.171.196,Default,Talos Black List
185.112.157.135,Default,Talos Black List
116.31.123.114,Default,Talos Black List
199.180.133.17,Default,Talos Black List
178.132.4.9,Default,Talos Black List
107.181.174.248,Default,Talos Black List
85.204.74.139,Default,Talos Black List
181.214.143.10,Default,Talos Black List
37.187.57.57,Default,Talos Black List
5.3.131.187,Default,Talos Black List
103.1.249.25,Default,Talos Black List
163.172.151.250,Default,Talos Black List
199.119.112.66,Default,Talos Black List
94.177.12.39,Default,Talos Black List
45.125.66.223,Default,Talos Black List
185.141.33.163,Default,Talos Black List
158.255.5.148,Default,Talos Black List
159.203.37.110,Default,Talos Black List
185.154.52.140,Default,Talos Black List
199.255.156.138,Default,Talos Black List
118.24.147.51,Default,Talos Black List
66.180.193.219,Default,Talos Black List
79.137.28.245,Default,Talos Black List
119.53.208.122,Default,Talos Black List
31.3.230.31,Default,Talos Black List
193.0.179.155,Default,Talos Black List
179.43.147.227,Default,Talos Black List
212.24.100.163,Default,Talos Black List
219.147.91.86,Default,Talos Black List
185.82.217.199,Default,Talos Black List
184.168.221.35,Default,Talos Black List
151.80.238.152,Default,Talos Black List
202.137.147.108,Default,Talos Black List
115.151.2.128,Default,Talos Black List
80.82.64.127,Default,Talos Black List
51.15.141.220,Default,Talos Black List
185.180.198.108,Default,Talos Black List
116.196.72.137,Default,Talos Black List
80.209.253.113,Default,Talos Black List
198.20.69.98,Default,Talos Black List
66.240.236.119,Default,Talos Black List
221.194.44.229,Default,Talos Black List
117.221.195.134,Default,Talos Black List
66.240.192.138,Default,Talos Black List
115.151.4.161,Default,Talos Black List
125.77.29.201,Default,Talos Black List
2.237.12.161,Default,Talos Black List
185.141.25.242,Default,Talos Black List
186.149.198.172,Default,Talos Black List
51.15.39.2,Default,Talos Black List
216.17.101.79,Default,Talos Black List
85.143.222.124,Default,Talos Black List
172.245.177.162,Default,Talos Black List
193.151.89.76,Default,Talos Black List
94.248.19.145,Default,Talos Black List
46.98.199.180,Default,Talos Black List
185.62.189.56,Default,Talos Black List
37.9.53.204,Default,Talos Black List
162.213.30.13,Default,Talos Black List
92.63.197.38,Default,Talos Black List
185.82.202.151,Default,Talos Black List
173.249.31.128,Default,Talos Black List
118.24.0.88,Default,Talos Black List
185.234.218.46,Default,Talos Black List
185.234.218.39,Default,Talos Black List
185.234.218.35,Default,Talos Black List
185.234.218.36,Default,Talos Black List
185.117.75.219,Default,Talos Black List
27.148.157.89,Default,Talos Black List
185.234.218.232,Default,Talos Black List
103.56.207.84,Default,Talos Black List
185.234.218.44,Default,Talos Black List
185.234.218.238,Default,Talos Black List
185.234.218.231,Default,Talos Black List
195.54.163.92,Default,Talos Black List
118.184.85.198,Default,Talos Black List
111.90.147.66,Default,Talos Black List
77.87.79.53,Default,Talos Black List
77.87.79.58,Default,Talos Black List
185.198.59.121,Default,Talos Black List
92.222.6.12,Default,Talos Black List
195.22.125.144,Default,Talos Black List
166.62.10.50,Default,Talos Black List
62.176.4.10,Default,Talos Black List
103.59.167.38,Default,Talos Black List
212.81.199.159,Default,Talos Black List
77.191.12.134,Default,Talos Black List
188.65.144.2,Default,Talos Black List
84.209.48.106,Default,Talos Black List
92.231.187.88,Default,Talos Black List
222.186.59.5,Default,Talos Black List
5.3.173.40,Default,Talos Black List
62.68.96.172,Default,Talos Black List
193.124.0.151,Default,Talos Black List
218.56.102.14,Default,Talos Black List
119.146.144.19,Default,Talos Black List
220.165.28.20,Default,Talos Black List
59.50.95.129,Default,Talos Black List
103.24.154.15,Default,Talos Black List
111.75.167.157,Default,Talos Black List
60.216.102.18,Default,Talos Black List
120.209.164.118,Default,Talos Black List
120.209.233.191,Default,Talos Black List
218.28.50.51,Default,Talos Black List
222.185.255.227,Default,Talos Black List
112.113.241.17,Default,Talos Black List
173.13.69.253,Default,Talos Black List
112.113.66.235,Default,Talos Black List
217.160.51.208,Default,Talos Black List
109.251.126.26,Default,Talos Black List
109.87.114.202,Default,Talos Black List
46.166.178.198,Default,Talos Black List
156.54.75.217,Default,Talos Black List
64.64.26.158,Default,Talos Black List
5.149.248.85,Default,Talos Black List
196.196.8.53,Default,Talos Black List
107.173.219.125,Default,Talos Black List
142.91.104.1,Default,Talos Black List
61.160.212.69,Default,Talos Black List
121.127.226.167,Default,Talos Black List
82.211.129.134,Default,Talos Black List
172.247.172.253,Default,Talos Black List
178.150.192.50,Default,Talos Black List
87.236.178.49,Default,Talos Black List
111.42.35.57,Default,Talos Black List
203.242.126.4,Default,Talos Black List
196.37.70.181,Default,Talos Black List
114.104.158.172,Default,Talos Black List
61.134.83.10,Default,Talos Black List
211.137.8.103,Default,Talos Black List
111.38.216.5,Default,Talos Black List
77.87.79.64,Default,Talos Black List
58.211.71.40,Default,Talos Black List
115.238.72.250,Default,Talos Black List
220.178.151.125,Default,Talos Black List
220.164.2.121,Default,Talos Black List
124.165.247.42,Default,Talos Black List
61.158.188.21,Default,Talos Black List
222.214.238.73,Default,Talos Black List
61.166.110.62,Default,Talos Black List
77.87.79.70,Default,Talos Black List
104.132.1.97,Default,Talos Black List
185.100.86.167,Default,Talos Black List
222.186.57.14,Default,Talos Black List
185.198.59.72,Default,Talos Black List
31.184.236.83,Default,Talos Black List
178.251.228.142,Default,Talos Black List
188.253.52.220,Default,Talos Black List
108.30.56.78,Default,Talos Black List
178.158.252.15,Default,Talos Black List
188.213.95.71,Default,Talos Black List
185.11.145.17,Default,Talos Black List
185.205.210.153,Default,Talos Black List
198.13.96.61,Default,Talos Black List
60.169.75.59,Default,Talos Black List
5.105.69.96,Default,Talos Black List
115.29.7.70,Default,Talos Black List
213.165.68.157,Default,Talos Black List
77.191.5.248,Default,Talos Black List
66.39.133.164,Default,Talos Black List
153.122.3.95,Default,Talos Black List
1.234.88.147,Default,Talos Black List
109.126.9.228,Default,Talos Black List
77.87.79.63,Default,Talos Black List
77.87.79.59,Default,Talos Black List
124.147.70.199,Default,Talos Black List
212.237.12.113,Default,Talos Black List
125.7.152.55,Default,Talos Black List
103.70.136.119,Default,Talos Black List
175.194.200.28,Default,Talos Black List
93.104.213.165,Default,Talos Black List
176.74.95.3,Default,Talos Black List
27.105.43.117,Default,Talos Black List
46.172.231.227,Default,Talos Black List
183.60.130.95,Default,Talos Black List
192.210.54.46,Default,Talos Black List
117.41.182.187,Default,Talos Black List
216.158.76.141,Default,Talos Black List
176.36.31.21,Default,Talos Black List
176.104.76.63,Default,Talos Black List
80.11.230.234,Default,Talos Black List
114.44.80.198,Default,Talos Black List
91.241.104.9,Default,Talos Black List
222.184.79.11,Default,Talos Black List
54.76.84.118,Default,Talos Black List
222.179.104.186,Default,Talos Black List
91.221.57.129,Default,Talos Black List
51.15.208.134,Default,Talos Black List
67.210.122.222,Default,Talos Black List
91.240.87.46,Default,Talos Black List
194.135.85.231,Default,Talos Black List
189.5.94.225,Default,Talos Black List
5.200.55.248,Default,Talos Black List
218.25.123.2,Default,Talos Black List
103.20.193.231,Default,Talos Black List
165.227.215.25,Default,Talos Black List
192.184.46.233,Default,Talos Black List
217.61.106.159,Default,Talos Black List
54.232.145.53,Default,Talos Black List
188.68.249.110,Default,Talos Black List
122.224.50.181,Default,Talos Black List
201.31.3.159,Default,Talos Black List
188.68.249.180,Default,Talos Black List
188.68.249.108,Default,Talos Black List
146.0.75.150,Default,Talos Black List
37.187.99.73,Default,Talos Black List
66.70.136.162,Default,Talos Black List
23.95.222.211,Default,Talos Black List
185.125.32.27,Default,Talos Black List
192.35.222.90,Default,Talos Black List
193.0.178.18,Default,Talos Black List
104.236.16.69,Default,Talos Black List
191.101.180.76,Default,Talos Black List
77.87.79.56,Default,Talos Black List
94.248.15.189,Default,Talos Black List
91.146.121.3,Default,Talos Black List
183.96.244.43,Default,Talos Black List
118.99.31.18,Default,Talos Black List
46.119.180.200,Default,Talos Black List
124.206.159.252,Default,Talos Black List
202.133.246.78,Default,Talos Black List
137.135.220.213,Default,Talos Black List
198.100.118.178,Default,Talos Black List
103.255.238.21,Default,Talos Black List
216.17.21.221,Default,Talos Black List
103.255.238.23,Default,Talos Black List
46.98.201.162,Default,Talos Black List
79.136.157.235,Default,Talos Black List
5.206.225.229,Default,Talos Black List
47.254.18.152,Default,Talos Black List
104.152.188.123,Default,Talos Black List
54.191.185.232,Default,Talos Black List
185.142.239.239,Default,Talos Black List
115.29.36.46,Default,Talos Black List
31.28.225.233,Default,Talos Black List
77.55.103.134,Default,Talos Black List
23.95.28.184,Default,Talos Black List
81.177.141.236,Default,Talos Black List
78.27.145.183,Default,Talos Black List
221.0.78.243,Default,Talos Black List
37.230.113.199,Default,Talos Black List
46.214.216.45,Default,Talos Black List
192.169.82.86,Default,Talos Black List
174.140.171.207,Default,Talos Black List
192.237.183.232,Default,Talos Black List
23.239.112.183,Default,Talos Black List
220.164.140.250,Default,Talos Black List
77.28.100.73,Default,Talos Black List
202.168.151.128,Default,Talos Black List
91.245.114.33,Default,Talos Black List
70.124.8.67,Default,Talos Black List
178.137.35.78,Default,Talos Black List
222.186.34.39,Default,Talos Black List
110.80.172.41,Default,Talos Black List
125.46.53.164,Default,Talos Black List
60.5.185.14,Default,Talos Black List
69.144.171.44,Default,Talos Black List
112.125.93.134,Default,Talos Black List
107.150.62.18,Default,Talos Black List
185.24.233.139,Default,Talos Black List
46.98.201.63,Default,Talos Black List
92.222.33.223,Default,Talos Black List
82.79.74.142,Default,Talos Black List
117.18.4.28,Default,Talos Black List
91.188.124.172,Default,Talos Black List
222.136.82.220,Default,Talos Black List
137.74.171.94,Default,Talos Black List
78.130.216.226,Default,Talos Black List
77.87.79.62,Default,Talos Black List
27.255.77.37,Default,Talos Black List
37.139.31.188,Default,Talos Black List
54.37.221.232,Default,Talos Black List
61.132.227.34,Default,Talos Black List
107.181.174.194,Default,Talos Black List
89.108.85.65,Default,Talos Black List
64.113.32.29,Default,Talos Black List
163.172.84.81,Default,Talos Black List
202.191.62.204,Default,Talos Black List
96.64.149.101,Default,Talos Black List
46.21.170.20,Default,Talos Black List
54.227.80.146,Default,Talos Black List
186.250.244.100,Default,Talos Black List
37.123.99.188,Default,Talos Black List
61.143.23.95,Default,Talos Black List
106.6.103.245,Default,Talos Black List
122.114.42.205,Default,Talos Black List
173.14.173.227,Default,Talos Black List
5.231.53.84,Default,Talos Black List
64.26.31.15,Default,Talos Black List
192.74.239.201,Default,Talos Black List
83.233.210.35,Default,Talos Black List
137.175.66.167,Default,Talos Black List
37.9.53.123,Default,Talos Black List
192.210.54.44,Default,Talos Black List
45.62.210.188,Default,Talos Black List
185.61.138.61,Default,Talos Black List
149.154.67.129,Default,Talos Black List
47.104.66.196,Default,Talos Black List
111.1.50.36,Default,Talos Black List
220.73.162.3,Default,Talos Black List
142.91.92.150,Default,Talos Black List
192.227.245.110,Default,Talos Black List
78.28.204.42,Default,Talos Black List
63.165.243.133,Default,Talos Black List
23.95.28.241,Default,Talos Black List
61.156.8.95,Default,Talos Black List
115.239.231.2,Default,Talos Black List
64.37.123.85,Default,Talos Black List
198.13.102.197,Default,Talos Black List
125.64.94.200,Default,Talos Black List
185.36.100.181,Default,Talos Black List
46.98.204.71,Default,Talos Black List
81.94.196.236,Default,Talos Black List
192.254.250.17,Default,Talos Black List
198.13.103.138,Default,Talos Black List
198.56.219.201,Default,Talos Black List
122.114.126.57,Default,Talos Black List
77.191.17.12,Default,Talos Black List
23.226.65.78,Default,Talos Black List
37.9.53.10,Default,Talos Black List
88.77.198.166,Default,Talos Black List
84.141.95.194,Default,Talos Black List
93.115.86.9,Default,Talos Black List
158.255.7.61,Default,Talos Black List
94.248.9.205,Default,Talos Black List
185.174.174.24,Default,Talos Black List
176.8.24.174,Default,Talos Black List
178.17.170.13,Default,Talos Black List
92.230.138.186,Default,Talos Black List
205.168.84.133,Default,Talos Black List
40.69.62.87,Default,Talos Black List
59.179.17.196,Default,Talos Black List
84.3.10.87,Default,Talos Black List
5.248.10.53,Default,Talos Black List
176.31.45.3,Default,Talos Black List
163.172.41.228,Default,Talos Black List
80.101.143.242,Default,Talos Black List
198.58.100.240,Default,Talos Black List
178.32.147.150,Default,Talos Black List
195.254.134.242,Default,Talos Black List
37.200.98.117,Default,Talos Black List
77.81.104.124,Default,Talos Black List
207.192.69.165,Default,Talos Black List
78.142.175.70,Default,Talos Black List
82.94.251.227,Default,Talos Black List
91.219.237.229,Default,Talos Black List
198.73.50.71,Default,Talos Black List
67.215.255.140,Default,Talos Black List
178.18.83.215,Default,Talos Black List
198.50.191.95,Default,Talos Black List
92.222.22.113,Default,Talos Black List
50.247.195.124,Default,Talos Black List
188.165.59.43,Default,Talos Black List
95.130.11.170,Default,Talos Black List
80.79.23.7,Default,Talos Black List
46.249.37.143,Default,Talos Black List
5.9.195.140,Default,Talos Black List
104.131.206.23,Default,Talos Black List
192.155.95.222,Default,Talos Black List
213.108.105.71,Default,Talos Black List
60.248.162.179,Default,Talos Black List
192.87.28.82,Default,Talos Black List
162.247.72.213,Default,Talos Black List
212.92.219.15,Default,Talos Black List
178.238.237.44,Default,Talos Black List
46.167.245.51,Default,Talos Black List
72.14.179.10,Default,Talos Black List
62.133.130.105,Default,Talos Black List
173.255.226.142,Default,Talos Black List
178.63.97.34,Default,Talos Black List
87.98.178.61,Default,Talos Black List
94.198.100.17,Default,Talos Black List
109.69.67.17,Default,Talos Black List
5.61.34.63,Default,Talos Black List
66.220.3.179,Default,Talos Black List
69.164.207.234,Default,Talos Black List
176.116.104.49,Default,Talos Black List
92.222.38.67,Default,Talos Black List
162.243.100.225,Default,Talos Black List
192.87.28.28,Default,Talos Black List
65.181.123.254,Default,Talos Black List
5.9.158.75,Default,Talos Black List
82.228.252.20,Default,Talos Black List
78.31.164.41,Default,Talos Black List
82.247.198.227,Default,Talos Black List
213.252.140.118,Default,Talos Black List
5.39.86.206,Default,Talos Black List
5.189.146.133,Default,Talos Black List
59.127.163.155,Default,Talos Black List
46.226.108.26,Default,Talos Black List
192.42.115.102,Default,Talos Black List
192.42.115.101,Default,Talos Black List
192.42.113.102,Default,Talos Black List
89.31.96.168,Default,Talos Black List
82.211.0.201,Default,Talos Black List
190.216.2.136,Default,Talos Black List
80.169.241.76,Default,Talos Black List
54.93.60.149,Default,Talos Black List
84.48.199.78,Default,Talos Black List
185.16.173.84,Default,Talos Black List
5.39.217.14,Default,Talos Black List
80.241.60.207,Default,Talos Black List
206.248.184.127,Default,Talos Black List
92.195.79.90,Default,Talos Black List
185.100.85.61,Default,Talos Black List
176.121.81.51,Default,Talos Black List
31.31.74.47,Default,Talos Black List
103.236.201.110,Default,Talos Black List
91.250.241.241,Default,Talos Black List
173.255.229.8,Default,Talos Black List
139.162.10.72,Default,Talos Black List
85.25.44.141,Default,Talos Black List
91.203.5.165,Default,Talos Black List
91.121.192.154,Default,Talos Black List
185.100.85.147,Default,Talos Black List
103.8.79.229,Default,Talos Black List
18.248.1.85,Default,Talos Black List
62.205.133.251,Default,Talos Black List
212.19.17.213,Default,Talos Black List
176.58.89.182,Default,Talos Black List
176.31.200.122,Default,Talos Black List
162.213.0.243,Default,Talos Black List
93.89.101.27,Default,Talos Black List
189.84.21.44,Default,Talos Black List
78.130.128.106,Default,Talos Black List
86.104.15.15,Default,Talos Black List
176.67.168.210,Default,Talos Black List
179.43.146.230,Default,Talos Black List
37.220.36.240,Default,Talos Black List
185.66.200.10,Default,Talos Black List
50.7.151.127,Default,Talos Black List
185.100.86.154,Default,Talos Black List
74.50.54.69,Default,Talos Black List
109.236.90.209,Default,Talos Black List
107.170.232.75,Default,Talos Black List
89.187.143.81,Default,Talos Black List
66.155.4.213,Default,Talos Black List
154.127.60.92,Default,Talos Black List
192.99.247.1,Default,Talos Black List
92.222.74.226,Default,Talos Black List
185.35.138.92,Default,Talos Black List
71.46.220.68,Default,Talos Black List
88.184.58.54,Default,Talos Black List
188.166.127.251,Default,Talos Black List
163.172.151.47,Default,Talos Black List
82.221.139.190,Default,Talos Black List
80.85.84.23,Default,Talos Black List
85.90.244.23,Default,Talos Black List
209.123.234.23,Default,Talos Black List
23.92.27.23,Default,Talos Black List
23.92.28.23,Default,Talos Black List
139.162.28.23,Default,Talos Black List
185.82.216.233,Default,Talos Black List
199.249.223.79,Default,Talos Black List
139.162.226.245,Default,Talos Black List
199.249.223.76,Default,Talos Black List
199.249.223.74,Default,Talos Black List
199.249.223.75,Default,Talos Black List
199.249.223.77,Default,Talos Black List
199.249.223.78,Default,Talos Black List
199.249.223.63,Default,Talos Black List
199.249.223.69,Default,Talos Black List
199.249.223.65,Default,Talos Black List
199.249.223.66,Default,Talos Black List
199.249.223.68,Default,Talos Black List
83.149.99.151,Default,Talos Black List
91.203.146.126,Default,Talos Black List
95.141.35.15,Default,Talos Black List
124.109.1.207,Default,Talos Black List
185.72.244.24,Default,Talos Black List
198.46.138.18,Default,Talos Black List
210.3.102.152,Default,Talos Black List
178.17.170.149,Default,Talos Black List
158.255.6.242,Default,Talos Black List
84.200.50.18,Default,Talos Black List
95.165.133.22,Default,Talos Black List
77.254.3.32,Default,Talos Black List
87.118.116.90,Default,Talos Black List
87.118.122.50,Default,Talos Black List
51.15.43.205,Default,Talos Black List
83.152.152.150,Default,Talos Black List
51.15.37.97,Default,Talos Black List
87.118.122.30,Default,Talos Black List
103.29.70.23,Default,Talos Black List
144.217.60.211,Default,Talos Black List
149.202.238.204,Default,Talos Black List
144.217.60.239,Default,Talos Black List
31.185.104.21,Default,Talos Black List
95.211.118.194,Default,Talos Black List
128.199.47.160,Default,Talos Black List
96.66.15.147,Default,Talos Black List
91.203.5.146,Default,Talos Black List
46.182.18.29,Default,Talos Black List
85.119.83.78,Default,Talos Black List
176.38.163.77,Default,Talos Black List
125.212.241.182,Default,Talos Black List
103.234.220.197,Default,Talos Black List
223.26.48.248,Default,Talos Black List
87.118.122.51,Default,Talos Black List
144.217.161.119,Default,Talos Black List
64.137.243.67,Default,Talos Black List
46.166.162.53,Default,Talos Black List
198.50.200.134,Default,Talos Black List
86.107.110.217,Default,Talos Black List
137.74.169.241,Default,Talos Black List
87.118.116.12,Default,Talos Black List
194.67.214.123,Default,Talos Black List
46.41.150.74,Default,Talos Black List
46.246.49.224,Default,Talos Black List
89.236.34.117,Default,Talos Black List
92.222.115.28,Default,Talos Black List
167.114.34.150,Default,Talos Black List
80.127.116.96,Default,Talos Black List
130.204.161.3,Default,Talos Black List
37.218.240.68,Default,Talos Black List
88.156.182.196,Default,Talos Black List
108.85.99.10,Default,Talos Black List
51.15.53.118,Default,Talos Black List
164.77.133.220,Default,Talos Black List
118.163.74.160,Default,Talos Black List
178.17.170.135,Default,Talos Black List
88.99.23.92,Default,Talos Black List
199.249.224.40,Default,Talos Black List
139.59.62.94,Default,Talos Black List
199.249.224.47,Default,Talos Black List
66.175.211.27,Default,Talos Black List
210.50.9.88,Default,Talos Black List
62.210.110.181,Default,Talos Black List
199.249.223.40,Default,Talos Black List
199.249.223.41,Default,Talos Black List
199.249.223.45,Default,Talos Black List
199.249.223.42,Default,Talos Black List
199.249.223.43,Default,Talos Black List
199.249.223.46,Default,Talos Black List
199.249.223.48,Default,Talos Black List
199.249.223.49,Default,Talos Black List
77.250.227.12,Default,Talos Black List
51.15.13.245,Default,Talos Black List
162.104.208.136,Default,Talos Black List
5.196.239.114,Default,Talos Black List
37.97.228.159,Default,Talos Black List
82.221.101.67,Default,Talos Black List
5.196.29.217,Default,Talos Black List
37.218.240.110,Default,Talos Black List
37.187.96.78,Default,Talos Black List
46.182.19.15,Default,Talos Black List
178.17.170.194,Default,Talos Black List
178.17.170.196,Default,Talos Black List
77.81.247.72,Default,Talos Black List
78.129.137.28,Default,Talos Black List
193.19.118.171,Default,Talos Black List
41.78.128.113,Default,Talos Black List
62.210.105.86,Default,Talos Black List
192.160.102.170,Default,Talos Black List
192.160.102.169,Default,Talos Black List
192.160.102.165,Default,Talos Black List
192.160.102.168,Default,Talos Black List
178.17.174.14,Default,Talos Black List
212.47.229.60,Default,Talos Black List
95.130.10.69,Default,Talos Black List
104.218.63.73,Default,Talos Black List
186.120.225.119,Default,Talos Black List
104.218.63.75,Default,Talos Black List
104.218.63.76,Default,Talos Black List
196.54.55.14,Default,Talos Black List
173.212.228.203,Default,Talos Black List
75.54.229.204,Default,Talos Black List
46.4.77.210,Default,Talos Black List
195.22.24.162,Default,Talos Black List
45.79.137.11,Default,Talos Black List
83.92.47.99,Default,Talos Black List
104.244.74.78,Default,Talos Black List
109.120.140.127,Default,Talos Black List
178.209.42.84,Default,Talos Black List
37.187.117.138,Default,Talos Black List
217.182.78.177,Default,Talos Black List
92.63.173.28,Default,Talos Black List
45.79.73.22,Default,Talos Black List
145.239.82.204,Default,Talos Black List
77.68.42.132,Default,Talos Black List
82.223.27.82,Default,Talos Black List
115.70.208.19,Default,Talos Black List
51.15.34.214,Default,Talos Black List
213.108.105.92,Default,Talos Black List
144.217.94.195,Default,Talos Black List
204.85.191.31,Default,Talos Black List
222.110.3.1,Default,Talos Black List
151.80.56.62,Default,Talos Black List
163.172.171.163,Default,Talos Black List
185.62.57.91,Default,Talos Black List
5.196.0.149,Default,Talos Black List
198.101.8.214,Default,Talos Black List
144.217.174.248,Default,Talos Black List
92.222.180.10,Default,Talos Black List
109.228.51.164,Default,Talos Black List
109.190.248.212,Default,Talos Black List
185.11.167.4,Default,Talos Black List
45.76.115.159,Default,Talos Black List
173.255.253.173,Default,Talos Black List
217.170.197.83,Default,Talos Black List
107.181.167.111,Default,Talos Black List
46.165.254.166,Default,Talos Black List
45.79.152.46,Default,Talos Black List
45.79.208.219,Default,Talos Black List
45.62.251.245,Default,Talos Black List
155.4.250.85,Default,Talos Black List
176.121.10.52,Default,Talos Black List
178.17.174.198,Default,Talos Black List
172.98.193.43,Default,Talos Black List
199.249.224.65,Default,Talos Black List
199.249.224.68,Default,Talos Black List
199.249.224.67,Default,Talos Black List
199.249.224.64,Default,Talos Black List
199.249.224.61,Default,Talos Black List
199.249.224.69,Default,Talos Black List
199.249.224.62,Default,Talos Black List
199.249.224.60,Default,Talos Black List
51.15.3.40,Default,Talos Black List
176.121.10.44,Default,Talos Black List
196.41.123.180,Default,Talos Black List
187.20.55.95,Default,Talos Black List
220.227.48.213,Default,Talos Black List
163.172.97.165,Default,Talos Black List
46.4.95.244,Default,Talos Black List
164.132.41.140,Default,Talos Black List
37.59.116.170,Default,Talos Black List
62.212.95.147,Default,Talos Black List
193.90.12.119,Default,Talos Black List
185.100.86.182,Default,Talos Black List
70.168.93.214,Default,Talos Black List
72.204.193.71,Default,Talos Black List
98.174.90.43,Default,Talos Black List
145.239.91.37,Default,Talos Black List
66.110.216.10,Default,Talos Black List
93.188.162.188,Default,Talos Black List
142.44.156.128,Default,Talos Black List
66.42.224.235,Default,Talos Black List
178.17.174.196,Default,Talos Black List
158.69.201.47,Default,Talos Black List
208.113.129.191,Default,Talos Black List
173.212.244.116,Default,Talos Black List
14.58.118.69,Default,Talos Black List
178.17.171.114,Default,Talos Black List
35.248.27.205,Default,Talos Black List
94.130.170.249,Default,Talos Black List
31.185.27.201,Default,Talos Black List
173.212.233.139,Default,Talos Black List
45.62.249.195,Default,Talos Black List
64.137.242.29,Default,Talos Black List
45.62.253.113,Default,Talos Black List
64.137.244.144,Default,Talos Black List
185.143.230.231,Default,Talos Black List
51.15.82.2,Default,Talos Black List
139.99.130.178,Default,Talos Black List
45.76.179.27,Default,Talos Black List
54.36.222.37,Default,Talos Black List
46.17.40.220,Default,Talos Black List
23.238.162.11,Default,Talos Black List
163.172.45.46,Default,Talos Black List
95.85.4.94,Default,Talos Black List
217.182.95.16,Default,Talos Black List
82.94.132.34,Default,Talos Black List
185.165.169.55,Default,Talos Black List
31.135.255.209,Default,Talos Black List
27.124.124.126,Default,Talos Black List
213.95.149.22,Default,Talos Black List
62.210.13.58,Default,Talos Black List
54.37.68.143,Default,Talos Black List
5.248.126.242,Default,Talos Black List
185.15.194.233,Default,Talos Black List
139.162.62.105,Default,Talos Black List
45.62.245.119,Default,Talos Black List
195.22.125.146,Default,Talos Black List
195.22.125.148,Default,Talos Black List
91.219.239.229,Default,Talos Black List
185.58.226.243,Default,Talos Black List
80.68.92.225,Default,Talos Black List
178.17.170.81,Default,Talos Black List
51.15.63.43,Default,Talos Black List
80.110.8.49,Default,Talos Black List
103.250.73.13,Default,Talos Black List
185.10.68.114,Default,Talos Black List
209.141.43.42,Default,Talos Black List
45.62.234.52,Default,Talos Black List
199.195.250.77,Default,Talos Black List
43.252.228.31,Default,Talos Black List
185.220.101.5,Default,Talos Black List
27.54.89.202,Default,Talos Black List
51.15.86.162,Default,Talos Black List
185.220.101.34,Default,Talos Black List
185.220.101.30,Default,Talos Black List
91.92.109.116,Default,Talos Black List
51.15.81.183,Default,Talos Black List
95.42.98.196,Default,Talos Black List
217.147.169.75,Default,Talos Black List
176.126.70.240,Default,Talos Black List
51.15.49.134,Default,Talos Black List
31.220.42.86,Default,Talos Black List
139.59.92.42,Default,Talos Black List
51.254.208.245,Default,Talos Black List
92.222.207.228,Default,Talos Black List
23.129.64.103,Default,Talos Black List
23.129.64.104,Default,Talos Black List
24.3.111.83,Default,Talos Black List
185.86.148.90,Default,Talos Black List
185.86.151.21,Default,Talos Black List
198.211.125.85,Default,Talos Black List
144.217.164.185,Default,Talos Black List
82.211.5.20,Default,Talos Black List
185.165.169.71,Default,Talos Black List
185.220.101.42,Default,Talos Black List
192.99.151.112,Default,Talos Black List
54.37.16.241,Default,Talos Black List
144.217.80.80,Default,Talos Black List
122.116.50.42,Default,Talos Black List
178.175.148.138,Default,Talos Black List
181.40.18.202,Default,Talos Black List
51.15.34.228,Default,Talos Black List
209.126.101.29,Default,Talos Black List
84.195.252.128,Default,Talos Black List
185.220.101.10,Default,Talos Black List
195.123.233.59,Default,Talos Black List
217.182.74.145,Default,Talos Black List
37.228.129.2,Default,Talos Black List
165.227.45.125,Default,Talos Black List
93.115.86.4,Default,Talos Black List
67.163.133.203,Default,Talos Black List
51.15.209.128,Default,Talos Black List
185.220.101.46,Default,Talos Black List
31.131.2.19,Default,Talos Black List
108.69.109.88,Default,Talos Black List
91.92.109.43,Default,Talos Black List
107.181.187.55,Default,Talos Black List
128.199.213.157,Default,Talos Black List
64.31.37.154,Default,Talos Black List
80.211.164.14,Default,Talos Black List
163.172.132.199,Default,Talos Black List
91.92.109.119,Default,Talos Black List
94.156.77.134,Default,Talos Black List
87.120.254.186,Default,Talos Black List
185.112.146.83,Default,Talos Black List
185.162.249.232,Default,Talos Black List
185.112.146.138,Default,Talos Black List
195.201.4.207,Default,Talos Black List
173.249.18.113,Default,Talos Black List
217.170.197.89,Default,Talos Black List
51.15.72.211,Default,Talos Black List
51.15.153.164,Default,Talos Black List
62.210.28.211,Default,Talos Black List
51.15.80.14,Default,Talos Black List
89.34.237.38,Default,Talos Black List
192.155.81.225,Default,Talos Black List
94.130.182.104,Default,Talos Black List
94.130.183.184,Default,Talos Black List
128.199.216.170,Default,Talos Black List
45.62.236.62,Default,Talos Black List
45.62.236.67,Default,Talos Black List
173.249.21.80,Default,Talos Black List
163.172.174.24,Default,Talos Black List
5.2.70.160,Default,Talos Black List
172.104.252.154,Default,Talos Black List
90.230.203.134,Default,Talos Black List
185.47.62.171,Default,Talos Black List
89.34.237.70,Default,Talos Black List
51.15.205.192,Default,Talos Black List
185.125.231.254,Default,Talos Black List
185.145.131.174,Default,Talos Black List
160.202.162.186,Default,Talos Black List
5.2.67.179,Default,Talos Black List
172.105.218.246,Default,Talos Black List
37.228.129.20,Default,Talos Black List
185.220.101.15,Default,Talos Black List
176.53.90.26,Default,Talos Black List
178.17.166.146,Default,Talos Black List
193.33.240.180,Default,Talos Black List
82.148.223.103,Default,Talos Black List
172.104.29.241,Default,Talos Black List
54.36.24.242,Default,Talos Black List
51.15.143.28,Default,Talos Black List
165.227.39.194,Default,Talos Black List
178.211.45.18,Default,Talos Black List
144.217.164.104,Default,Talos Black List
88.99.33.103,Default,Talos Black List
82.196.1.82,Default,Talos Black List
92.222.127.232,Default,Talos Black List
174.138.4.197,Default,Talos Black List
94.177.12.102,Default,Talos Black List
142.44.154.169,Default,Talos Black List
47.88.194.83,Default,Talos Black List
50.116.30.165,Default,Talos Black List
103.234.220.195,Default,Talos Black List
142.44.163.100,Default,Talos Black List
5.2.64.111,Default,Talos Black List
49.50.67.11,Default,Talos Black List
94.16.123.176,Default,Talos Black List
172.105.231.26,Default,Talos Black List
193.138.52.161,Default,Talos Black List
43.252.230.129,Default,Talos Black List
185.61.148.30,Default,Talos Black List
94.140.125.117,Default,Talos Black List
71.19.144.106,Default,Talos Black List
91.64.245.225,Default,Talos Black List
103.1.206.100,Default,Talos Black List
176.107.188.11,Default,Talos Black List
46.98.205.177,Default,Talos Black List
160.119.249.239,Default,Talos Black List
160.119.249.24,Default,Talos Black List
93.171.248.14,Default,Talos Black List
160.119.249.240,Default,Talos Black List
37.187.180.18,Default,Talos Black List
89.34.237.215,Default,Talos Black List
195.154.105.205,Default,Talos Black List
104.218.63.72,Default,Talos Black List
104.218.63.77,Default,Talos Black List
37.205.10.140,Default,Talos Black List
136.144.175.62,Default,Talos Black List
37.128.222.30,Default,Talos Black List
185.167.160.7,Default,Talos Black List
165.227.56.71,Default,Talos Black List
89.34.237.139,Default,Talos Black List
188.68.45.180,Default,Talos Black List
89.34.237.214,Default,Talos Black List
89.34.237.223,Default,Talos Black List
89.34.237.213,Default,Talos Black List
62.210.71.205,Default,Talos Black List
198.98.61.36,Default,Talos Black List
88.67.165.62,Default,Talos Black List
84.19.180.139,Default,Talos Black List
107.181.174.159,Default,Talos Black List
46.101.161.246,Default,Talos Black List
174.101.164.6,Default,Talos Black List
79.137.68.85,Default,Talos Black List
89.33.16.215,Default,Talos Black List
51.15.64.39,Default,Talos Black List
178.175.135.100,Default,Talos Black List
178.175.135.99,Default,Talos Black List
178.175.135.101,Default,Talos Black List
178.175.135.102,Default,Talos Black List
185.83.215.80,Default,Talos Black List
66.70.184.76,Default,Talos Black List
78.241.246.179,Default,Talos Black List
58.153.150.4,Default,Talos Black List
54.39.59.115,Default,Talos Black List
104.155.89.34,Default,Talos Black List
82.118.242.169,Default,Talos Black List
67.1.154.54,Default,Talos Black List
52.191.135.225,Default,Talos Black List
46.98.208.245,Default,Talos Black List
177.54.158.132,Default,Talos Black List
37.187.99.161,Default,Talos Black List
185.83.215.81,Default,Talos Black List
46.138.216.111,Default,Talos Black List
176.8.24.228,Default,Talos Black List
82.118.242.128,Default,Talos Black List
133.236.76.63,Default,Talos Black List
5.2.77.10,Default,Talos Black List
45.32.116.97,Default,Talos Black List
5.3.132.252,Default,Talos Black List
49.50.66.209,Default,Talos Black List
45.56.105.93,Default,Talos Black List
108.45.108.81,Default,Talos Black List
176.123.26.6,Default,Talos Black List
141.255.162.36,Default,Talos Black List
141.255.162.35,Default,Talos Black List
141.255.162.34,Default,Talos Black List
46.194.142.195,Default,Talos Black List
176.123.9.144,Default,Talos Black List
14.200.249.238,Default,Talos Black List
185.56.80.242,Default,Talos Black List
77.191.12.90,Default,Talos Black List
64.137.234.53,Default,Talos Black List
174.113.80.127,Default,Talos Black List
64.137.225.144,Default,Talos Black List
79.245.166.164,Default,Talos Black List
141.255.162.38,Default,Talos Black List
220.129.56.42,Default,Talos Black List
51.15.61.19,Default,Talos Black List
90.127.28.91,Default,Talos Black List
85.166.189.139,Default,Talos Black List
64.137.225.11,Default,Talos Black List
64.137.225.138,Default,Talos Black List
83.135.127.225,Default,Talos Black List
46.98.198.205,Default,Talos Black List
93.220.76.239,Default,Talos Black List
46.98.198.3,Default,Talos Black List
51.15.94.187,Default,Talos Black List
27.49.9.109,Default,Talos Black List
125.231.81.39,Default,Talos Black List
103.194.180.87,Default,Talos Black List
94.248.9.165,Default,Talos Black List
187.11.63.96,Default,Talos Black List
64.137.251.218,Default,Talos Black List
46.98.200.113,Default,Talos Black List
186.212.242.44,Default,Talos Black List
188.187.215.34,Default,Talos Black List
191.250.140.185,Default,Talos Black List
163.172.147.32,Default,Talos Black List
138.68.40.100,Default,Talos Black List
188.193.39.54,Default,Talos Black List
41.100.60.33,Default,Talos Black List
185.169.42.220,Default,Talos Black List
87.123.234.1,Default,Talos Black List
91.238.134.77,Default,Talos Black List
77.170.230.163,Default,Talos Black List
84.141.66.84,Default,Talos Black List
176.58.119.97,Default,Talos Black List
92.195.91.226,Default,Talos Black List
88.76.27.114,Default,Talos Black List
87.81.148.61,Default,Talos Black List
192.81.135.229,Default,Talos Black List
195.181.212.196,Default,Talos Black List
87.122.45.218,Default,Talos Black List
185.169.43.24,Default,Talos Black List
216.119.98.110,Default,Talos Black List
61.128.110.144,Default,Talos Black List
121.10.104.34,Default,Talos Black List
78.110.162.72,Default,Talos Black List
217.8.253.250,Default,Talos Black List
78.110.162.73,Default,Talos Black List
146.0.78.124,Default,Talos Black List
188.99.83.136,Default,Talos Black List
188.192.105.169,Default,Talos Black List
62.198.32.223,Default,Talos Black List
178.175.129.91,Default,Talos Black List
195.91.66.20,Default,Talos Black List
41.100.33.225,Default,Talos Black List
118.123.4.242,Default,Talos Black List
128.75.215.171,Default,Talos Black List
109.226.191.185,Default,Talos Black List
37.187.102.20,Default,Talos Black List
191.34.142.37,Default,Talos Black List
37.112.37.224,Default,Talos Black List
198.148.80.194,Default,Talos Black List
185.35.138.175,Default,Talos Black List
80.82.67.222,Default,Talos Black List
177.158.154.210,Default,Talos Black List
41.79.219.194,Default,Talos Black List
54.193.9.202,Default,Talos Black List
191.8.112.59,Default,Talos Black List
94.248.58.230,Default,Talos Black List
213.61.149.100,Default,Talos Black List
141.255.162.37,Default,Talos Black List
82.248.104.5,Default,Talos Black List
114.46.73.17,Default,Talos Black List
46.98.196.158,Default,Talos Black List
94.248.8.86,Default,Talos Black List
46.98.196.153,Default,Talos Black List
5.187.21.43,Default,Talos Black List
84.19.177.100,Default,Talos Black List
81.13.228.89,Default,Talos Black List
91.109.176.5,Default,Talos Black List
178.141.25.78,Default,Talos Black List
93.220.96.93,Default,Talos Black List
195.254.134.194,Default,Talos Black List
62.141.39.47,Default,Talos Black List
46.98.203.147,Default,Talos Black List
87.122.72.58,Default,Talos Black List
78.55.228.63,Default,Talos Black List
46.98.203.148,Default,Talos Black List
89.215.163.180,Default,Talos Black List
118.193.146.94,Default,Talos Black List
46.246.49.150,Default,Talos Black List
84.141.86.22,Default,Talos Black List
87.123.243.176,Default,Talos Black List
92.195.109.169,Default,Talos Black List
88.77.152.154,Default,Talos Black List
36.232.43.219,Default,Talos Black List
192.241.79.178,Default,Talos Black List
130.193.15.49,Default,Talos Black List
90.112.167.190,Default,Talos Black List
220.129.51.37,Default,Talos Black List
5.165.178.110,Default,Talos Black List
195.132.223.125,Default,Talos Black List
46.98.204.78,Default,Talos Black List
95.143.21.230,Default,Talos Black List
27.49.11.137,Default,Talos Black List
46.98.197.73,Default,Talos Black List
84.217.13.138,Default,Talos Black List
46.98.197.142,Default,Talos Black List
177.18.196.139,Default,Talos Black List
94.248.23.87,Default,Talos Black List
95.143.22.3,Default,Talos Black List
94.248.7.237,Default,Talos Black List
220.169.155.9,Default,Talos Black List
31.210.117.131,Default,Talos Black List
143.215.130.33,Default,Talos Black List
159.203.30.48,Default,Talos Black List
109.188.126.21,Default,Talos Black List
109.188.124.25,Default,Talos Black List
109.188.126.30,Default,Talos Black List
109.188.125.20,Default,Talos Black List
109.188.125.5,Default,Talos Black List
198.61.227.6,Default,Talos Black List
109.188.127.28,Default,Talos Black List
96.43.141.186,Default,Talos Black List
166.78.144.80,Default,Talos Black List
221.8.69.25,Default,Talos Black List
87.255.51.230,Default,Talos Black List
91.233.244.106,Default,Talos Black List
69.195.129.71,Default,Talos Black List
109.188.125.60,Default,Talos Black List
109.188.125.32,Default,Talos Black List
31.172.30.4,Default,Talos Black List
94.103.175.86,Default,Talos Black List
189.236.206.143,Default,Talos Black List
162.247.72.216,Default,Talos Black List
185.16.200.176,Default,Talos Black List
109.74.151.149,Default,Talos Black List
31.192.228.185,Default,Talos Black List
184.105.220.24,Default,Talos Black List
217.12.204.104,Default,Talos Black List
185.36.100.145,Default,Talos Black List
162.247.73.204,Default,Talos Black List
185.17.184.228,Default,Talos Black List
71.19.157.127,Default,Talos Black List
162.247.72.27,Default,Talos Black List
91.228.151.52,Default,Talos Black List
94.242.57.2,Default,Talos Black List
46.166.186.243,Default,Talos Black List
216.75.21.31,Default,Talos Black List
79.98.107.90,Default,Talos Black List
193.111.136.162,Default,Talos Black List
91.229.77.64,Default,Talos Black List
92.222.28.243,Default,Talos Black List
162.244.25.249,Default,Talos Black List
37.187.239.8,Default,Talos Black List
91.219.236.222,Default,Talos Black List
212.83.40.238,Default,Talos Black List
178.32.53.131,Default,Talos Black List
148.251.255.92,Default,Talos Black List
65.181.112.128,Default,Talos Black List
173.246.103.8,Default,Talos Black List
62.210.87.30,Default,Talos Black List
62.210.87.71,Default,Talos Black List
91.219.236.232,Default,Talos Black List
46.28.110.136,Default,Talos Black List
176.114.0.120,Default,Talos Black List
212.83.40.239,Default,Talos Black List
144.76.238.214,Default,Talos Black List
107.170.1.205,Default,Talos Black List
146.185.128.226,Default,Talos Black List
46.166.188.208,Default,Talos Black List
37.48.109.107,Default,Talos Black List
95.163.107.14,Default,Talos Black List
95.163.107.15,Default,Talos Black List
199.87.154.251,Default,Talos Black List
185.104.120.2,Default,Talos Black List
45.33.48.204,Default,Talos Black List
5.56.133.19,Default,Talos Black List
5.28.62.85,Default,Talos Black List
185.82.202.102,Default,Talos Black List
188.126.81.155,Default,Talos Black List
194.28.172.73,Default,Talos Black List
149.202.42.188,Default,Talos Black List
209.66.119.150,Default,Talos Black List
185.53.178.7,Default,Talos Black List
210.92.18.118,Default,Talos Black List
212.47.238.193,Default,Talos Black List
46.166.190.182,Default,Talos Black List
23.239.10.144,Default,Talos Black List
109.188.126.13,Default,Talos Black List
174.127.99.132,Default,Talos Black List
109.188.125.19,Default,Talos Black List
109.188.126.11,Default,Talos Black List
220.179.28.85,Default,Talos Black List
149.202.47.181,Default,Talos Black List
109.188.126.18,Default,Talos Black List
217.160.2.23,Default,Talos Black List
185.104.120.7,Default,Talos Black List
223.81.192.191,Default,Talos Black List
84.200.56.34,Default,Talos Black List
158.69.208.131,Default,Talos Black List
216.17.99.183,Default,Talos Black List
82.211.19.129,Default,Talos Black List
108.61.123.73,Default,Talos Black List
158.69.194.36,Default,Talos Black List
178.32.53.94,Default,Talos Black List
179.43.143.162,Default,Talos Black List
185.76.35.11,Default,Talos Black List
46.242.66.240,Default,Talos Black List
185.38.151.64,Default,Talos Black List
192.121.252.153,Default,Talos Black List
128.153.145.125,Default,Talos Black List
193.200.241.195,Default,Talos Black List
49.88.121.163,Default,Talos Black List
45.56.90.85,Default,Talos Black List
212.47.227.72,Default,Talos Black List
82.221.129.96,Default,Talos Black List
46.39.102.250,Default,Talos Black List
37.233.99.157,Default,Talos Black List
185.100.86.86,Default,Talos Black List
185.100.85.132,Default,Talos Black List
89.34.237.12,Default,Talos Black List
199.175.49.21,Default,Talos Black List
178.151.182.123,Default,Talos Black List
45.79.85.112,Default,Talos Black List
46.148.26.78,Default,Talos Black List
92.222.103.234,Default,Talos Black List
95.31.22.193,Default,Talos Black List
46.166.190.192,Default,Talos Black List
185.100.85.191,Default,Talos Black List
198.134.125.78,Default,Talos Black List
163.172.129.70,Default,Talos Black List
212.68.41.83,Default,Talos Black List
158.69.172.225,Default,Talos Black List
167.114.92.50,Default,Talos Black List
51.254.215.7,Default,Talos Black List
31.16.91.237,Default,Talos Black List
207.244.97.183,Default,Talos Black List
84.251.91.165,Default,Talos Black List
101.98.11.146,Default,Talos Black List
217.12.201.109,Default,Talos Black List
46.28.111.122,Default,Talos Black List
151.100.179.50,Default,Talos Black List
94.31.53.203,Default,Talos Black List
50.7.176.2,Default,Talos Black List
82.221.139.25,Default,Talos Black List
89.34.237.11,Default,Talos Black List
89.35.178.104,Default,Talos Black List
89.33.246.114,Default,Talos Black List
194.187.249.135,Default,Talos Black List
37.123.130.176,Default,Talos Black List
5.255.80.27,Default,Talos Black List
185.100.87.73,Default,Talos Black List
58.80.109.59,Default,Talos Black List
65.158.81.132,Default,Talos Black List
185.135.156.94,Default,Talos Black List
185.100.85.236,Default,Talos Black List
91.219.236.136,Default,Talos Black List
87.120.254.200,Default,Talos Black List
93.219.113.201,Default,Talos Black List
89.163.237.45,Default,Talos Black List
27.50.94.251,Default,Talos Black List
185.100.87.63,Default,Talos Black List
46.101.138.211,Default,Talos Black List
89.163.135.98,Default,Talos Black List
46.17.100.14,Default,Talos Black List
188.93.234.203,Default,Talos Black List
107.182.131.117,Default,Talos Black List
93.115.241.194,Default,Talos Black List
37.123.130.186,Default,Talos Black List
163.172.135.172,Default,Talos Black List
163.172.152.231,Default,Talos Black List
94.254.2.71,Default,Talos Black List
146.185.139.55,Default,Talos Black List
163.172.209.46,Default,Talos Black List
104.233.108.157,Default,Talos Black List
163.172.154.105,Default,Talos Black List
162.244.26.76,Default,Talos Black List
37.220.35.36,Default,Talos Black List
104.128.161.233,Default,Talos Black List
87.185.31.200,Default,Talos Black List
23.254.211.232,Default,Talos Black List
185.80.50.33,Default,Talos Black List
178.62.71.57,Default,Talos Black List
162.253.42.208,Default,Talos Black List
185.69.168.112,Default,Talos Black List
45.62.255.94,Default,Talos Black List
163.172.214.76,Default,Talos Black List
41.206.188.206,Default,Talos Black List
84.232.5.230,Default,Talos Black List
163.172.158.208,Default,Talos Black List
146.0.77.50,Default,Talos Black List
158.58.170.186,Default,Talos Black List
46.166.190.223,Default,Talos Black List
108.61.166.139,Default,Talos Black List
5.157.38.34,Default,Talos Black List
163.172.38.173,Default,Talos Black List
154.70.153.175,Default,Talos Black List
185.100.87.44,Default,Talos Black List
81.170.184.90,Default,Talos Black List
177.85.98.227,Default,Talos Black List
185.86.149.97,Default,Talos Black List
163.172.43.52,Default,Talos Black List
89.36.208.231,Default,Talos Black List
51.255.38.226,Default,Talos Black List
213.39.51.93,Default,Talos Black List
85.90.244.52,Default,Talos Black List
64.137.215.208,Default,Talos Black List
163.172.211.135,Default,Talos Black List
92.222.88.7,Default,Talos Black List
185.100.85.176,Default,Talos Black List
92.222.71.173,Default,Talos Black List
84.117.113.152,Default,Talos Black List
185.100.87.120,Default,Talos Black List
149.56.99.37,Default,Talos Black List
149.56.99.38,Default,Talos Black List
149.56.99.36,Default,Talos Black List
149.202.62.12,Default,Talos Black List
80.221.159.67,Default,Talos Black List
108.28.164.248,Default,Talos Black List
158.69.244.40,Default,Talos Black List
163.172.140.30,Default,Talos Black List
103.8.24.66,Default,Talos Black List
46.101.197.155,Default,Talos Black List
167.114.238.104,Default,Talos Black List
45.55.178.34,Default,Talos Black List
163.172.138.68,Default,Talos Black List
64.137.206.52,Default,Talos Black List
5.196.58.96,Default,Talos Black List
163.172.143.114,Default,Talos Black List
178.239.167.15,Default,Talos Black List
185.128.40.220,Default,Talos Black List
192.151.155.130,Default,Talos Black List
85.207.155.39,Default,Talos Black List
139.59.9.200,Default,Talos Black List
192.207.61.178,Default,Talos Black List
158.58.170.222,Default,Talos Black List
185.61.138.104,Default,Talos Black List
185.100.87.139,Default,Talos Black List
178.32.53.124,Default,Talos Black List
163.172.29.9,Default,Talos Black List
163.172.29.81,Default,Talos Black List
185.80.222.78,Default,Talos Black List
82.163.79.61,Default,Talos Black List
37.187.247.3,Default,Talos Black List
104.236.58.27,Default,Talos Black List
91.108.183.170,Default,Talos Black List
92.222.92.152,Default,Talos Black List
212.47.247.226,Default,Talos Black List
108.61.187.24,Default,Talos Black List
88.150.157.14,Default,Talos Black List
193.138.219.231,Default,Talos Black List
64.137.178.3,Default,Talos Black List
194.88.143.66,Default,Talos Black List
31.31.72.43,Default,Talos Black List
59.115.115.115,Default,Talos Black List
91.134.232.63,Default,Talos Black List
178.62.18.173,Default,Talos Black List
212.47.248.81,Default,Talos Black List
5.199.171.58,Default,Talos Black List
146.185.135.43,Default,Talos Black List
198.50.200.139,Default,Talos Black List
109.188.125.13,Default,Talos Black List
109.188.125.3,Default,Talos Black List
109.188.126.15,Default,Talos Black List
128.73.141.124,Default,Talos Black List
149.202.44.177,Default,Talos Black List
78.106.220.129,Default,Talos Black List
81.30.158.81,Default,Talos Black List
35.0.127.52,Default,Talos Black List
104.237.152.195,Default,Talos Black List
108.166.168.158,Default,Talos Black List
141.138.141.208,Default,Talos Black List
193.110.157.49,Default,Talos Black List
